id,pupated,eclosed,PupatedYN,EclosedYN,sex
L30-D0-1548,1,1,Y,Y,Male
L30-D0-1666,1,1,Y,Y,Male
L30-D0-1644,1,1,Y,Y,Male
L30-D0-1642,1,1,Y,Y,Male
L30-D0-2059,1,1,Y,Y,Female
L30-D0-1889,1,1,Y,Y,Female
L30-D0-1900,1,1,Y,Y,Female
L30-D1-1161,1,1,Y,Y,Female
L30-D1-1150,1,1,Y,Y,Female
L30-D1-1176,1,1,Y,Y,Female
L30-D1-0949,1,1,Y,Y,Female
L30-D1-1582,1,1,Y,Y,Male
L30-D1-1270,1,1,Y,Y,Male
L30-D1-1510,1,1,Y,Y,Female
L30-D1-0417,0,0,N,N,Unknown
L30-D1-1414,1,1,Y,Y,Female
L30-D1-1322,1,1,Y,Y,Male
L30-D1-0877,1,1,Y,Y,Male
L30-D1-1356,1,1,Y,Y,Female
L30-D1-1044,1,1,Y,Y,Female
L30-D2-0422,0,0,N,N,Unknown
L30-D2-0308,0,0,N,N,Unknown
L30-D2-0304,0,0,N,N,Unknown
L30-D2-0402,0,0,N,N,Unknown
L30-D2-0246,0,0,N,N,Unknown
L30-D2-0378,0,0,N,N,Unknown
L30-D2-0270,0,0,N,N,Unknown
L30-D2-0438,0,0,N,N,Unknown
L30-D2-0734,1,1,Y,Y,Male
L30-D2-0199,0,0,N,N,Unknown
L30-D2-0271,0,0,N,N,Unknown
L30-D2-0262,0,0,N,N,Unknown
L30-D2-0586,0,0,N,N,Unknown
L30-D2-0504,0,0,N,N,Unknown
L30-D0-1905,1,0,Y,N,Unknown
L30-D0-1829,1,1,Y,Y,Male
L30-D0-1807,1,0,Y,N,Male
L30-D0-2190,1,0,Y,N,Female
L30-D0-2312,1,0,Y,N,Male
L30-D0-1790,1,0,Y,N,Male
L30-D0-2012,1,0,Y,N,Male
L30-D0-2450,1,0,Y,N,Unknown
L30-D0-2300,1,0,Y,N,Female
L30-D0-1913,1,0,Y,N,Male
L30-D0-2030,1,0,Y,N,Female
L30-D0-2292,1,0,Y,N,Male
L30-D0-1795,0,0,N,N,Unknown
L30-D0-2114,1,0,Y,N,Female
L30-D0-1984,1,0,Y,N,Male
L30-D0-1816,1,0,Y,N,Male
L30-D0-1835,1,0,Y,N,Male
L30-D0-2402,1,1,Y,Y,
L30-D0-1960,1,0,Y,N,Male
L30-D0-2073,1,0,Y,N,Female
L30-D0-1757,1,0,Y,N,Unknown
L30-D0-2408,1,0,Y,N,
L30-D0-2458,1,0,Y,N,Female
L30-D0-2319,1,0,Y,N,Female
L30-D0-1932,1,0,Y,N,Male
L30-D0-2322,1,0,Y,N,Female
L30-D0-2272,1,0,Y,N,Female
L30-D0-1892,1,0,Y,N,Male
L30-D0-1936,1,0,Y,N,Male
L30-D0-2137,1,0,Y,N,Female
L30-D0-2254,1,0,Y,N,Unknown
L30-D0-2247,1,0,Y,N,Female
L30-D0-2379,1,0,Y,N,Female
L30-D0-1754,0,0,N,N,Unknown
L30-D0-1666A,0,0,N,N,Unknown
L30-D0-2350,0,0,N,N,Unknown
L30-D0-1719,1,0,Y,N,Male
L30-D0-2202,1,0,Y,N,Female
L30-D0-1852,0,0,N,N,Unknown
L30-D0-2198,1,0,Y,N,Female
L30-D0-1792,1,0,Y,N,Male
L30-D0-2354,1,0,Y,N,Female
L30-D0-1861,0,0,N,N,Unknown
L30-D0-1629,1,0,Y,N,Male
L30-D0-1973,1,0,Y,N,Female
L30-D0-2243,1,0,Y,N,Female
L30-D0-2280,1,0,Y,N,Female
L30-D0-2082,1,0,Y,N,Male
L30-D0-2246,1,0,Y,N,Female
L30-D0-2304,1,0,Y,N,Female
L30-D0-2115,0,0,N,N,Unknown
L30-D0-1850,1,0,Y,N,Male
L30-D0-2311,1,0,Y,N,Female
L30-D0-1890,0,0,N,N,Unknown
L30-D0-1683,1,0,Y,N,Male
L30-D0-2242,1,0,Y,N,Female
L30-D0-2324,1,0,Y,N,Female
L30-D0-2130,1,0,Y,N,Female
L30-D0-1581,1,0,Y,N,Male
L30-D0-1753,1,0,Y,N,Male
L30-D1-1760,1,0,Y,N,Male
L30-D1-1982,1,0,Y,N,Female
L30-D1-1697,1,0,Y,N,Male
L30-D1-1454,0,0,N,N,Unknown
L30-D1-0947,0,0,N,N,Unknown
L30-D0-2122,1,1,Y,Y,Female
L30-D0-2033,1,1,Y,Y,Female
L30-D0-1213,1,1,Y,Y,Male
L30-D0-1931,0,0,N,N,Unknown
L30-D0-1705,1,1,Y,Y,Female
L30-D0-2032,1,1,Y,Y,Female
L30-D0-1694,1,1,Y,Y,Male
L30-D0-1992,0,0,N,N,Unknown
L30-D0-2039,1,1,Y,Y,Female
L30-D0-1203,0,0,N,N,Unknown
L30-D0-1644A,1,1,Y,Y,Male
L30-D0-1947,1,1,Y,Y,Male
L30-D1-1570,1,1,Y,Y,Female
L30-D1-1904,1,1,Y,Y,Male
L30-D1-1677,1,1,Y,Y,Female
L30-D1-1755,1,1,Y,Y,Female
L30-D1-1101,1,0,Y,N,Unknown
L30-D1-1546,1,1,Y,Y,Male
L30-D1-1821,1,1,Y,Y,Female
L30-D1-1822,1,0,Y,N,Unknown
L30-D1-1501,0,0,N,N,Unknown
L30-D1-1509,1,1,Y,Y,Female
L30-D1-1684,1,1,Y,Y,Male
L30-D1-1728,1,1,Y,Y,Male
L30-D1-1718,1,1,Y,Y,Male
L30-D1-1388,1,0,Y,N,Unknown
L30-D1-1035,1,1,Y,Y,Male
L30-D1-1384,1,1,Y,Y,Male
L30-D1-1572,0,0,N,N,Unknown
L30-D1-1602,1,1,Y,Y,Female
L30-D1-1091,1,0,Y,N,Unknown
L30-D1-0988,1,1,Y,Y,Male
L30-D2-0913,1,0,Y,N,Unknown
L30-D2-1007,1,1,Y,Y,Female
L30-D2-0849,0,0,N,N,Unknown
L30-D2-0925,1,1,Y,Y,Male
L30-D2-0908,1,0,Y,N,Unknown
L30-D2-0902,0,0,N,N,Unknown
L30-D2-0767,0,0,N,N,Unknown
L30-D2-0614,0,0,N,N,Unknown
L30-D2-0981,0,0,N,N,Unknown
L30-D2-0914,1,0,Y,N,Unknown
L30-D2-0575,0,0,N,N,Unknown
L30-D2-0362,1,1,Y,Y,Male
L30-D2-0930,0,0,N,N,Unknown
L30-D2-0581,0,0,N,N,Unknown
L30-D2-0482,0,0,N,N,Unknown
L30-D0-1136,1,1,Y,Y,Male
L30-D0-1375,1,1,Y,Y,Male
L30-D0-1570,1,1,Y,Y,Male
L30-D0-2098,1,1,Y,Y,Female
L30-D0-1453,0,0,N,N,Unknown
L30-D0-980,1,1,Y,Y,Male
L30-D0-3325,1,1,Y,Y,Male
L30-D0-2155,0,0,N,N,Unknown
L30-D0-1402,1,1,Y,Y,Female
L30-D1-1220,1,1,Y,Y,Male
L30-D1-0742,0,0,N,N,Unknown
L30-D1-0936,0,0,N,N,Male
L30-D1-0752,0,0,N,N,Unknown
L30-D0-1786,1,1,Y,Y,Male
L30-D0-1743,1,1,Y,Y,Male
L30-D0-1733,1,1,Y,Y,Male
L30-D0-1901,1,1,Y,Y,Male
L30-D0-1783,1,1,Y,Y,Male
L30-D0-2234,1,1,Y,Y,Female
L30-D0-1991,1,1,Y,Y,Female
L30-D0-1729,1,1,Y,Y,Male
L30-D0-1717,1,1,Y,Y,Male
L30-D0-1768,1,1,Y,Y,Male
L30-D0-2174,1,1,Y,Y,Female
L30-D0-1703A,1,1,Y,Y,Male
L30-D0-1845,1,1,Y,Y,Male
L30-D0-2329,1,1,Y,Y,Female
L30-D0-1913A,1,1,Y,Y,Male
L30-D0-2301,1,1,Y,Y,Female
L30-D0-2241,1,1,Y,Y,Female
L30-D0-2142,1,1,Y,Y,Female
L30-D0-2351,1,1,Y,Y,Female
L30-D0-2136,1,0,Y,N,Unknown
L30-D0-1698,1,1,Y,Y,Male
L30-D0-1735,1,1,Y,Y,Male
L30-D0-2127,1,1,Y,Y,Female
L30-D0-2111,1,1,Y,Y,Female
L30-D0-1706,1,1,Y,Y,Male
L30-D0-2194,0,0,N,N,Unknown
L30-D0-2177,1,1,Y,Y,Female
L30-D1-0962,1,1,Y,Y,Male
L30-D1-0885,1,0,Y,N,Unknown
L30-D1-1248,1,1,Y,Y,Male
L30-D1-1315,1,1,Y,Y,Male
L30-D1-1053,1,1,Y,Y,Female
L30-D1-1559,1,1,Y,Y,Male
L30-D1-1214,1,1,Y,Y,Male
L30-D1-1265,1,1,Y,Y,Male
L30-D1-1765,1,1,Y,Y,Female
L30-D1-1404,1,1,Y,Y,Male
L30-D1-1860,1,1,Y,Y,Female
L30-D1-1770,1,1,Y,Y,Female
L30-D1-0998A,0,0,N,N,Unknown
L30-D1-1711,1,1,Y,Y,Male
L30-D1-1036,1,1,Y,Y,Male
L30-D1-1101A,1,1,Y,Y,Male
L30-D1-1593,1,1,Y,Y,Female
L30-D1-1295,1,1,Y,Y,Male
L30-D1-1964,0,0,N,N,Unknown
L30-D1-1107,0,0,N,N,Unknown
L30-D1-1396,1,1,Y,Y,Female
L30-D1-1686,1,1,Y,Y,Female
L30-D1-1391,1,1,Y,Y,Female
L30-D1-1193,1,1,Y,Y,Female
L30-D1-1238,1,1,Y,Y,Male
L30-D1-0897,1,0,Y,N,Unknown
L30-D2-1025,1,0,Y,N,Unknown
L30-D2-0721,0,0,N,N,Unknown
L30-D2-0800,0,0,N,N,Unknown
L30-D2-0622,1,0,Y,N,Unknown
L30-D2-0753,0,0,N,N,Unknown
L30-D2-0961,1,0,Y,N,Unknown
L30-D2-1045,1,1,Y,Y,Female
L30-D2-0876,1,1,Y,Y,Male
L30-D2-0853,1,0,Y,N,Unknown
L30-D2-0688,0,0,N,N,Unknown
L30-D2-0939,1,0,Y,N,Unknown
L30-D2-1026,1,1,Y,Y,Male
L30-D2-1073,1,1,Y,Y,Female
L30-D2-0793,0,0,N,N,Unknown
L30-D2-1062,1,1,Y,Y,Female
L30-D2-0899,1,0,Y,N,Unknown
L30-D2-1021,1,1,Y,Y,Male
L30-D2-1259,1,1,Y,Y,Female
L30-D2-1268,1,1,Y,Y,Female
L30-D2-0882,1,0,Y,N,Unknown
L30-D2-1110,1,0,Y,N,Unknown
L30-D2-0975,0,0,N,N,Unknown
L30-D2-1083,1,1,Y,Y,Male
L30-D2-1152,1,0,Y,N,Unknown
L30-D2-0718,0,0,N,N,Unknown
L30-D2-0963,1,1,Y,Y,Female
L30-D2-1010,1,0,Y,N,Unknown
L30-D0-1960A,1,1,Y,Y,Male
L30-D0-1927,1,1,Y,Y,Male
L30-D0-1901A,1,1,Y,Y,Female
L30-D0-2340,1,1,Y,Y,Female
L30-D0-1751,1,1,Y,Y,Male
L30-D0-1816A,1,1,Y,Y,Male
L30-D0-1769,1,1,Y,Y,Male
L30-D0-2321,1,1,Y,Y,Female
L30-D0-1993,1,1,Y,Y,Male
L30-D0-2200,1,1,Y,Y,Female
L30-D0-1746,1,1,Y,Y,Female
L30-D0-2046,1,1,Y,Y,Female
L30-D0-2208,1,1,Y,Y,Female
L30-D0-1683A,1,1,Y,Y,Male
L30-D0-2155A,1,1,Y,Y,Female
L30-D0-1758,1,1,Y,Y,Male
L30-D0-1722,1,1,Y,Y,Male
L30-D0-1881,1,1,Y,Y,Female
L30-D0-2198A,1,1,Y,Y,Female
L30-D0-1916,1,1,Y,Y,Female
L30-D0-2462,1,1,Y,Y,Female
L30-D0-2380,1,1,Y,Y,Female
L30-D0-1950,1,1,Y,Y,Male
L30-D0-1932A,1,1,Y,Y,Female
L30-D0-2323,1,1,Y,Y,Female
L30-D0-2013,1,1,Y,Y,Male
L30-D0-2363,1,0,Y,N,Unknown
L30-D0-1927A,1,1,Y,Y,Male
L30-D0-1816B,1,1,Y,Y,Male
L30-D0-2060,1,1,Y,Y,Male
L30-D0-1875,1,1,Y,Y,Male
L30-D0-2604,1,1,Y,Y,Female
L30-D0-1921,1,1,Y,Y,Male
L30-D0-2419,1,1,Y,Y,Male
L30-D0-2340A,1,1,Y,Y,Female
L30-D0-1558,1,1,Y,Y,Male
L30-D0-1805,1,1,Y,Y,Male
L30-D0-2396,1,1,Y,Y,Female
L30-D0-2334,1,1,Y,Y,Female
L30-D0-1907,1,1,Y,Y,Male
L30-D0-1730,1,1,Y,Y,Male
L30-D0-2399,1,1,Y,Y,Female
L30-D0-2285,1,1,Y,Y,Female
L30-D0-1860,1,1,Y,Y,Male
L30-D0-1910,1,1,Y,Y,Male
L30-D0-2373,1,1,Y,Y,Female
L30-D0-2532,1,1,Y,Y,Female
L30-D0-2378,1,1,Y,Y,Female
L30-D0-2263,1,1,Y,Y,Female
L30-D0-1671,1,1,Y,Y,Male
L30-D0-1374,0,0,N,N,Unknown
L30-D0-1758A,1,1,Y,Y,Male
L30-D0-1752,1,1,Y,Y,Male
L30-D0-2245,1,1,Y,Y,Female
L30-D1-1479,1,1,Y,Y,Female
L30-D1-1891,1,1,Y,Y,Female
L30-D1-1873,1,1,Y,Y,Male
L30-D1-2033,1,1,Y,Y,Female
L30-D1-1584,1,1,Y,Y,Female
L30-D1-1560,1,1,Y,Y,Male
L30-D1-1772,1,1,Y,Y,Male
L30-D1-2040,1,1,Y,Y,Female
L30-D1-1871,1,1,Y,Y,Male
L30-D1-1737,1,1,Y,Y,Male
L30-D1-1710,1,1,Y,Y,Male
L30-D1-1625,1,1,Y,Y,Unknown
L30-D1-1658,1,1,Y,Y,Male
L30-D1-1853,1,1,Y,Y,Female
L30-D1-1711A,1,1,Y,Y,Male
L30-D1-1846,1,1,Y,Y,Female
L30-D1-1942,1,1,Y,Y,Female
L30-D1-1641,1,1,Y,Y,Female
L30-D1-1544,1,1,Y,Y,Male
L30-D1-1445,1,1,Y,Y,Male
L30-D1-1684A,1,1,Y,Y,Male
L30-D1-1966,1,1,Y,Y,Female
L30-D1-1564,0,0,N,N,Unknown
L30-D1-1578,1,1,Y,Y,Male
L30-D1-1688,1,1,Y,Y,Unknown
L30-D1-1833,1,1,Y,Y,Male
L30-D1-1340,1,1,Y,Y,Unknown
L30-D1-1951,1,0,Y,N,Unknown
L30-D1-2190,1,1,Y,Y,Female
L30-D1-1790,1,1,Y,Y,Male
L30-D1-1638,0,0,N,N,Unknown
L30-D1-1673,1,0,Y,N,Unknown
L30-D1-1659,0,0,N,N,Unknown
L30-D1-1553,1,1,Y,Y,Male
L30-D1-1465,1,1,Y,Y,Female
L30-D1-2020,1,1,Y,Y,Female
L30-D1-1800,1,1,Y,Y,Male
L30-D1-1722,1,1,Y,Y,Male
L30-D1-1567,1,1,Y,Y,Male
L30-D1-1840,1,1,Y,Y,Male
L30-D1-2134,1,1,Y,Y,Female
L30-D1-1604,1,0,Y,N,Unknown
L30-D1-1730,1,1,Y,Y,Female
L30-D1-1485,1,1,Y,Y,Female
L30-D1-1531,1,1,Y,Y,Male
L30-D2-0445,1,0,Y,N,Unknown
L30-D2-0749,0,0,N,N,Unknown
L30-D2-0850,1,1,Y,Y,Female
L30-D2-0770,1,0,Y,N,Unknown
L30-D2-1134,1,1,Y,Y,Male
L30-D2-0485,0,0,N,N,Unknown
L30-D2-1061,1,0,Y,N,Unknown
L30-D2-1815,1,0,Y,N,Unknown
L30-D2-0723,0,0,N,N,Unknown
L30-D2-0744,0,0,N,N,Unknown
L30-D2-0735,1,0,Y,N,Unknown
L30-D2-1472,1,1,Y,Y,Female
L30-D2-0850A,1,0,Y,N,Unknown
L30-D2-0643,1,0,Y,N,Unknown
L30-D2-0633,0,0,N,N,Unknown
L30-D2-0561,0,0,N,N,Unknown
L30-D2-0985,1,0,Y,N,Unknown
L30-D2-1550,1,1,Y,Y,Female
L30-D2-0536,1,0,Y,N,Unknown
L30-D2-0665,1,0,Y,N,Unknown
L30-D2-0697,1,1,Y,Y,Female
L30-D2-0494,0,0,N,N,Unknown
L30-D2-0570,1,0,Y,N,Unknown
L30-D2-1198,1,1,Y,Y,Female
L30-D2-0520,0,0,N,N,Unknown
L30-D2-0845,1,0,Y,N,Unknown
L30-D2-0741,1,0,Y,N,Unknown
L30-D2-0441,1,0,Y,N,Unknown
L30-D2-0862,1,1,Y,Y,Male
L30-D2-0840,1,1,Y,Y,Male
L30-D2-0476,1,0,Y,N,Unknown
L30-D2-0598,1,0,Y,N,Unknown
L30-D2-0667,1,0,Y,N,Unknown
H34-D0-1963,1,0,Y,N,Unknown
H34-D0-1245,1,1,Y,Y,Male
H34-D0-1620,1,1,Y,Y,Female
H34-D0-1466,1,1,Y,Y,Male
H34-D0-1064,1,1,Y,Y,Male
H34-D0-1014,1,1,Y,Y,Male
H34-D0-1476,1,1,Y,Y,Female
H34-D0-0950,1,0,Y,N,Unknown
H34-D0-1411,1,1,Y,Y,Male
H34-D0-1127,1,1,Y,Y,Female
H34-D0-1011,1,1,Y,Y,Male
H34-D0-1425,1,1,Y,Y,Female
H34-D0-1684,1,1,Y,Y,Female
H34-D0-1875,1,1,Y,Y,Male
H34-D0-1336,1,1,Y,Y,Male
H34-D0-1275,1,1,Y,Y,Male
H34-D0-1520,1,1,Y,Y,Female
H34-D0-1940,1,1,Y,Y,Female
H34-D0-1243,1,1,Y,Y,Male
H34-D0-1258,1,1,Y,Y,Male
H34-D0-1340,1,1,Y,Y,Male
H34-D0-1666,1,1,Y,Y,Female
H34-D0-1270,1,1,Y,Y,Unknown
H34-D0-1046,1,1,Y,Y,Unknown
H34-D0-1552,1,1,Y,Y,Female
H34-D0-2053,1,1,Y,Y,Female
H34-D0-1530,1,1,Y,Y,Female
H34-D1-0821,1,1,Y,Y,Male
H34-D1-0840,1,1,Y,Y,Male
H34-D1-0751,1,0,Y,N,Unknown
H34-D1-0783,0,0,N,N,Unknown
H34-D1-0622,0,0,N,N,Unknown
H34-D1-0826,0,0,N,N,Unknown
H34-D1-0796,1,1,Y,Y,Male
H34-D1-0673,0,0,N,N,Unknown
H34-D1-1240,1,0,Y,N,Unknown
H34-D1-1154,1,1,Y,Y,Female
H34-D1-1394,1,1,Y,Y,Female
H34-D1-0651,0,0,N,N,Unknown
H34-D1-1591,1,1,Y,Y,Female
H34-D1-1010,1,0,Y,N,Unknown
H34-D1-0980,1,0,Y,N,Unknown
H34-D1-0245,0,0,N,N,Unknown
H34-D1-1285,1,1,Y,Y,Female
H34-D1-0944,1,0,Y,N,Unknown
H34-D1-0892,1,0,Y,N,Unknown
H34-D1-0818,0,0,N,N,Unknown
H34-D1-0780,1,0,Y,N,Unknown
H34-D1-0657,0,0,N,N,Unknown
H34-D1-0914,1,0,Y,N,Unknown
H34-D2-0488,0,0,N,N,Unknown
H34-D2-0360,0,0,N,N,Unknown
H34-D2-0361,0,0,N,N,Unknown
H34-D2-0536,0,0,N,N,Unknown
H34-D2-0530,0,0,N,N,Unknown
H34-D2-0589,0,0,N,N,Unknown
H34-D2-0685,0,0,N,N,Unknown
H34-D2-0467,0,0,N,N,Unknown
H34-D2-0801,1,0,Y,N,Unknown
H34-D2-0467A,1,0,Y,N,Unknown
H34-D2-0584,0,0,N,N,Unknown
H34-D2-0384,0,0,N,N,Unknown
H34-D2-0409,0,0,N,N,Unknown
H34-D2-0662,1,0,Y,N,Unknown
H34-D2-0981,1,1,Y,Y,Male
H34-D2-0472,0,0,N,N,Unknown
H34-D2-0590,0,0,N,N,Unknown
H34-D2-0459,0,0,N,N,Unknown
H34-D2-0373,0,0,N,N,Unknown
H34-D2-0565,0,0,N,N,Unknown
H34-D0-2343,1,1,Y,Y,Female
H34-D0-2270,1,1,Y,Y,Female
H34-D0-2086,1,1,Y,Y,Male
H34-D0-2154,1,1,Y,Y,Female
H34-D0-2177,1,1,Y,Y,Female
H34-D0-2226,1,0,Y,N,Unknown
H34-D0-1725,1,1,Y,Y,Male
H34-D0-2109,1,1,Y,Y,Male
H34-D0-1615,1,0,Y,N,Unknown
H34-D0-2101,1,1,Y,Y,Male
H34-D0-1670,1,1,Y,Y,Male
H34-D0-1602,0,1,N,Y,Unknown
H34-D0-2456,1,1,Y,Y,Female
H34-D0-1853,1,1,Y,Y,Male
H34-D0-2230,1,1,Y,Y,Unknown
H34-D0-2312,1,1,Y,Y,Unknown
H34-D0-1686,1,1,Y,Y,Unknown
H34-D0-1778,1,1,Y,Y,Male
H34-D0-1383,1,1,Y,Y,Male
H34-D0-1513,1,1,Y,Y,Male
H34-D0-1632,1,1,Y,Y,Female
H34-D0-1311,1,1,Y,Y,Male
H34-D0-1893,1,1,Y,Y,Female
H34-D0-1323,1,1,Y,Y,Male
H34-D0-1802,1,1,Y,Y,Female
H34-D0-1250,1,1,Y,Y,Female
H34-D0-1636,1,1,Y,Y,Male
H34-D0-1830,1,1,Y,Y,Female
H34-D0-1613,1,1,Y,Y,Female
H34-D0-1304,1,1,Y,Y,Male
H34-D1-0482A,1,0,Y,N,Unknown
H34-D1-0518,1,1,Y,Y,Male
H34-D1-0302,0,0,N,N,Unknown
H34-D1-0445,0,0,N,N,Unknown
H34-D1-0376,0,0,N,N,Unknown
H34-D1-0353,0,0,N,N,Unknown
H34-D1-0256,0,0,N,N,Unknown
H34-D1-0610A,1,1,Y,Y,Male
H34-D1-0443,0,0,N,N,Unknown
H34-D1-0433,0,0,N,N,Unknown
H34-D1-0343,0,0,N,N,Unknown
H34-D1-0255,0,0,N,N,Unknown
H34-D1-0522,0,0,N,N,Unknown
H34-D1-0396,0,0,N,N,Unknown
H34-D1-0543,1,1,Y,Y,Male
H34-D1-0330,0,0,N,N,Unknown
H34-D1-0402,0,0,N,N,Unknown
H34-D1-0328,0,0,N,N,Unknown
H34-D1-0456,0,0,N,N,Unknown
H34-D1-0986,1,1,Y,Y,Male
H34-D1-0485,0,0,N,N,Unknown
H34-D1-0459,0,0,N,N,Unknown
H34-D1-0419,0,0,N,N,Unknown
H34-D1-0388,0,0,N,N,Unknown
H34-D1-0386,0,0,N,N,Unknown
H34-D1-0329,0,0,N,N,Unknown
H34-D1-0222,0,0,N,N,Unknown
H34-D2-0833,1,0,Y,N,Unknown
H34-D2-0866,1,1,Y,Y,Female
H34-D2-0648,1,0,Y,N,Unknown
H34-D2-0919,1,1,Y,Y,Female
H34-D2-0917,1,0,Y,N,Unknown
H34-D2-0983,1,1,Y,Y,Male
H34-D2-0664,0,0,N,N,Unknown
H34-D2-0674,0,0,N,N,Unknown
H34-D2-0524,0,0,N,N,Unknown
H34-D2-0423,0,0,N,N,Unknown
H34-D2-0350A,0,0,N,N,Unknown
H34-D2-0998,1,1,Y,Y,Male
H34-D2-0703,0,0,N,N,Unknown
H34-D2-0984,0,0,N,N,Unknown
H34-D2-0404,0,0,N,N,Unknown
H34-D2-0546,0,0,N,N,Unknown
H34-D2-0701,0,0,N,N,Unknown
H34-D2-0520,0,0,N,N,Unknown
H34-D2-0262,0,0,N,N,Unknown
H34-D2-0330,0,0,N,N,Unknown
H34-D2-0328,0,0,N,N,Unknown
H34-D2-0303,0,0,N,N,Unknown
H34-D2-0267,0,0,N,N,Unknown
H34-D2-0511,0,0,N,N,Unknown
H34-D2-0693,1,1,Y,Y,Male
H34-D2-0276,0,0,N,N,Unknown
H34-D2-0305,0,0,N,N,Unknown
H34-D0-1466A,1,1,Y,Y,Unknown
H34-D0-0902,0,0,N,N,Unknown
H34-D0-1391,0,0,N,N,Unknown
H34-D0-2274,1,1,Y,Y,Female
H34-D0-1480,1,1,Y,Y,Male
H34-D0-1473,1,1,Y,Y,Male
H34-D0-1407,1,1,Y,Y,Male
H34-D0-1267,1,1,Y,Y,Female
H34-D0-1514,1,1,Y,Y,Female
H34-D0-1253,1,1,Y,Y,Female
H34-D0-1758,1,1,Y,Y,Female
H34-D0-2037,1,0,Y,N,Female
H34-D0-1950,1,1,Y,Y,Female
H34-D0-2003,1,1,Y,Y,Male
H34-D0-1637,1,1,Y,Y,Male
H34-D0-1933,1,1,Y,Y,Female
H34-D0-1403,1,1,Y,Y,Male
H34-D0-1539,1,1,Y,Y,Male
H34-D0-1429,1,1,Y,Y,Male
H34-D0-2271,1,1,Y,Y,Female
H34-D0-1318,1,1,Y,Y,Male
H34-D0-1519,1,1,Y,Y,Male
H34-D0-0830,0,0,N,N,Unknown
H34-D0-1923,1,1,Y,Y,Female
H34-D0-1631,1,0,Y,N,Unknown
H34-D0-1191,1,1,Y,Y,Male
H34-D0-1262,1,1,Y,Y,Female
H34-D1-1267,1,0,Y,N,Unknown
H34-D1-1600,1,1,Y,Y,Male
H34-D1-1589,1,1,Y,Y,Male
H34-D1-1347,1,1,Y,Y,Female
H34-D1-1263,1,1,Y,Y,Male
H34-D1-0868,1,1,Y,Y,Female
H34-D1-1871,1,1,Y,Y,Female
H34-D1-1305,1,0,Y,N,Female
H34-D1-1096,1,1,Y,Y,Male
H34-D1-2209,1,1,Y,Y,Female
H34-D1-1620,1,1,Y,Y,Female
H34-D1-0709,0,0,N,N,Unknown
H34-D1-1713,1,1,Y,Y,Male
H34-D1-0898,0,0,N,N,Unknown
H34-D1-1683,1,1,Y,Y,Female
H34-D1-2068,1,1,Y,Y,Female
H34-D1-1653,1,1,Y,Y,Female
H34-D1-1076,1,1,Y,Y,Female
H34-D1-2056,1,1,Y,Y,Female
H34-D1-1782,1,1,Y,Y,Female
H34-D1-1968,1,1,Y,Y,Female
H34-D1-1776,1,1,Y,Y,Female
H34-D1-1455,1,1,Y,Y,Male
H34-D1-0830,1,0,Y,N,Unknown
H34-D1-2011,1,1,Y,Y,Female
H34-D1-1326,1,1,Y,Y,Male
H34-D1-1335,1,1,Y,Y,Male
H34-D2-0611,0,0,N,N,Unknown
H34-D2-0831,1,1,Y,Y,Female
H34-D2-1049,1,1,Y,Y,Female
H34-D2-0796,1,0,Y,N,Unknown
H34-D2-0890,0,0,N,N,Unknown
H34-D2-0820,1,1,Y,Y,Male
H34-D2-0445,0,0,N,N,Unknown
H34-D2-0372,0,0,N,N,Unknown
H34-D2-0251,0,0,N,N,Unknown
H34-D2-0175,0,0,N,N,Unknown
H34-D2-0159,0,0,N,N,Unknown
H34-D2-0330A,0,0,N,N,Unknown
H34-D2-0220,0,0,N,N,Unknown
H34-D2-0341,0,0,N,N,Unknown
H34-D2-0797,1,1,Y,Y,Male
H34-D2-0437,0,0,N,N,Unknown
H34-D2-0376,0,0,N,N,Unknown
H34-D2-0140,0,0,N,N,Unknown
H34-D2-0262A,0,0,N,N,Unknown
H34-D2-0339,0,0,N,N,Unknown
H34-D2-0426,0,0,N,N,Unknown
H34-D2-0570,0,0,N,N,Unknown
H34-D2-0210,0,0,N,N,Unknown
H34-D2-0402,0,0,N,N,Unknown
H34-D2-0400,0,0,N,N,Unknown
H34-D2-0452,0,0,N,N,Unknown
H34-D2-0412,0,0,N,N,Unknown
H34-D0-2156,1,1,Y,Y,Male
H34-D0-1724,1,1,Y,Y,Male
H34-D0-2130,1,1,Y,Y,Female
H34-D0-2430,1,1,Y,Y,Female
H34-D0-1572,1,1,Y,Y,Male
H34-D0-1583,1,1,Y,Y,Male
H34-D0-1576,1,1,Y,Y,Male
H34-D0-1937,1,1,Y,Y,Male
H34-D0-1476A,1,1,Y,Y,Female
H34-D0-1636A,1,1,Y,Y,Male
H34-D0-1975,1,1,Y,Y,Female
H34-D0-1988,1,1,Y,Y,Female
H34-D0-2052,1,0,Y,N,Female
H34-D0-2150,1,1,Y,Y,Female
H34-D0-2095,1,1,Y,Y,Female
H34-D0-1537,1,1,Y,Y,Male
H34-D0-1554,1,1,Y,Y,Male
H34-D0-1898,1,1,Y,Y,Male
H34-D1-1652,0,0,N,N,Unknown
H34-D1-1669,0,0,N,N,Unknown
H34-D1-1785,1,1,Y,Y,Male
H34-D1-1658,1,1,Y,Y,Male
H34-D1-1436,1,0,Y,N,Unknown
H34-D1-1394A,1,1,Y,Y,Male
H34-D1-1723,0,0,N,N,Unknown
H34-D1-1310,0,0,N,N,Unknown
H34-D1-1553,0,0,N,N,Unknown
H34-D1-1266,0,0,N,N,Unknown
H34-D1-1219,1,1,Y,Y,Male
H34-D1-1559,1,1,Y,Y,Male
H34-D1-1117,1,0,Y,N,Unknown
H34-D1-1043,0,0,N,N,Unknown
H34-D1-1997,0,0,N,N,Unknown
H34-D1-1608,0,0,N,N,Unknown
H34-D1-1907,0,0,N,N,Unknown
H34-D1-1195,0,0,N,N,Unknown
H34-D2-1079,0,0,N,N,Unknown
H34-D2-519,0,0,N,N,Unknown
H34-D2-491,0,0,N,N,Unknown
H34-D2-362,0,0,N,N,Unknown
H34-D2-804,0,0,N,N,Unknown
H34-D2-467,0,0,N,N,Unknown
H34-D2-615,0,0,N,N,Unknown
H34-D2-511,0,0,N,N,Unknown
H34-D2-979,0,0,N,N,Unknown
H34-D2-1252,0,0,N,N,Unknown
H34-D2-1331,0,0,N,N,Unknown
H34-D2-749,0,0,N,N,Unknown
H34-D2-860,0,0,N,N,Unknown
H34-D2-395,0,0,N,N,Unknown
H34-D2-803,0,0,N,N,Unknown
H34-D2-999,0,0,N,N,Unknown
H34-D2-553,0,0,N,N,Unknown
H34-D2-674,0,0,N,N,Unknown
H34-D0-1978,1,1,Y,Y,Female
H34-D0-2171,1,1,Y,Y,Female
H34-D0-1863,1,1,Y,Y,Female
H34-D0-1568,1,1,Y,Y,Male
H34-D0-2109A,1,1,Y,Y,Female
H34-D0-1618,1,1,Y,Y,Male
H34-D0-1578,1,1,Y,Y,Male
H34-D0-2064,1,1,Y,Y,Female
H34-D0-2166,1,1,Y,Y,Female
H34-D0-1679,1,1,Y,Y,Male
H34-D0-1942,1,1,Y,Y,Female
H34-D0-2147,1,1,Y,Y,Female
H34-D0-2055,1,1,Y,Y,Female
H34-D0-2140,1,1,Y,Y,Female
H34-D0-1620A,1,1,Y,Y,Male
H34-D1-1452,1,1,Y,Y,Female
H34-D1-1591A,1,1,Y,Y,Male
H34-D1-1475,1,1,Y,Y,Male
H34-D1-1228,1,1,Y,Y,Male
H34-D1-1818,1,1,Y,Y,Female
H34-D1-1724,1,1,Y,Y,Female
H34-D1-1155,1,1,Y,Y,Male
H34-D1-1082,1,1,Y,Y,Male
H34-D1-2060,1,1,Y,Y,Female
H34-D1-1150,1,1,Y,Y,Male
H34-D1-1551,1,1,Y,Y,Male
H34-D1-1367,1,1,Y,Y,Male
H34-D1-1478,1,1,Y,Y,Female
H34-D1-1427,1,1,Y,Y,Female
H34-D1-1542,1,1,Y,Y,Male
H34-D1-1681,1,1,Y,Y,Male
H34-D1-1378,1,1,Y,Y,Female
H34-D1-1182,1,1,Y,Y,Male
H34-D1-1584,1,1,Y,Y,Female
H34-D1-1611,1,1,Y,Y,Male
H34-D1-1668,1,1,Y,Y,Male
H34-D1-1498,1,1,Y,Y,Male
H34-D1-1323,1,1,Y,Y,Male
H34-D1-1901,1,1,Y,Y,Female
H34-D1-1684,1,1,Y,Y,Female
H34-D1-1772,1,1,Y,Y,Female
H34-D1-2046,1,0,Y,N,Unknown
H34-D1-0744,1,0,Y,N,Unknown
H34-D1-1965,1,0,Y,N,Unknown
H34-D2-0812,1,1,Y,Y,Female
H34-D2-1185,1,1,Y,Y,Male
H34-D2-0684,1,1,Y,Y,Female
H34-D2-0788,1,1,Y,Y,Female
H34-D2-0480,1,1,Y,Y,Male
H34-D2-0707,1,1,Y,Y,Male
H34-D2-1142,1,1,Y,Y,Male
H34-D2-0618,1,1,Y,Y,Female
H34-D2-0437A,1,1,Y,Y,Male
H34-D2-0805,1,1,Y,Y,Male
H34-D2-0894,1,1,Y,Y,Male
H34-D2-1214,1,1,Y,Y,Male
H34-D2-0289,1,1,Y,Y,Female
H34-D2-0782,1,1,Y,Y,Female
H34-D2-0445A,1,1,Y,Y,Male
H34-D2-1246,0,0,N,N,Unknown
H34-D2-0815,0,0,N,N,Unknown
H34-D2-0670,0,0,N,N,Unknown
H34-D2-0910,0,0,N,N,Unknown
H34-D2-1083,0,0,N,N,Unknown
H34-D2-0732,0,0,N,N,Unknown
H34-D2-0995,0,0,N,N,Unknown
H34-D2-0918,0,0,N,N,Unknown
H34-D2-1107,0,0,N,N,Unknown
H34-D2-1150,0,0,N,N,Unknown
H34-D2-0702,0,0,N,N,Unknown
H34-D2-0757,0,0,N,N,Unknown
H34-D2-0679,0,0,N,N,Unknown
H34-D2-0935,0,0,N,N,Unknown
H34-D2-0350,1,0,Y,N,Unknown
H34-D2-0830,0,0,N,N,Unknown
H34-D2-0939,0,0,N,N,Unknown
C38-D0-0648,0,0,N,N,Unknown
C38-D0-0861,1,1,Y,Y,Female
C38-D0-0888,1,0,Y,N,Male
C38-D0-1162,0,0,N,N,Unknown
C38-D0-1321,1,1,Y,Y,Male
C38-D0-1327,1,1,Y,Y,Male
C38-D0-1361,1,1,Y,Y,Male
C38-D0-1365,1,1,Y,Y,Female
C38-D0-1402,1,1,Y,Y,Male
C38-D0-1425,1,1,Y,Y,Male
C38-D0-1436,1,1,Y,Y,Male
C38-D0-1448,1,1,Y,Y,Male
C38-D0-1471,1,1,Y,Y,Male
C38-D0-1473,1,0,Y,N,Male
C38-D0-1515,1,1,Y,Y,Male
C38-D0-1519,1,1,Y,Y,Male
C38-D0-1538,1,1,Y,Y,Male
C38-D0-1543,1,1,Y,Y,Male
C38-D0-1546,1,1,Y,Y,Male
C38-D0-1549,1,1,Y,Y,Male
C38-D0-1553,1,1,Y,Y,Male
C38-D0-1567,1,1,Y,Y,Male
C38-D0-1570,1,1,Y,Y,Male
C38-D0-1576,1,1,Y,Y,Male
C38-D0-1586,1,1,Y,Y,Male
C38-D0-1590,1,1,Y,Y,Male
C38-D0-1594,1,1,Y,Y,Male
C38-D0-1594A,1,1,Y,Y,Male
C38-D0-1595,1,1,Y,Y,Male
C38-D0-1600,1,1,Y,Y,Male
C38-D0-1620,1,1,Y,Y,Male
C38-D0-1622,1,1,Y,Y,Female
C38-D0-1622A,1,1,Y,Y,Female
C38-D0-1626,1,1,Y,Y,Male
C38-D0-1633,1,1,Y,Y,Female
C38-D0-1646,1,1,Y,Y,Male
C38-D0-1672,1,1,Y,Y,Male
C38-D0-1678,1,0,Y,N,Male
C38-D0-1694,1,1,Y,Y,Male
C38-D0-1699,1,1,Y,Y,Male
C38-D0-1734,1,1,Y,Y,Male
C38-D0-1743,1,1,Y,Y,Male
C38-D0-1743A,1,1,Y,Y,Female
C38-D0-1750,1,1,Y,Y,Male
C38-D0-1752,1,1,Y,Y,Female
C38-D0-1760,1,1,Y,Y,Male
C38-D0-1761,1,1,Y,Y,Male
C38-D0-1762,1,1,Y,Y,Female
C38-D0-1768,1,1,Y,Y,Male
C38-D0-1772,1,1,Y,Y,Female
C38-D0-1781,1,1,Y,Y,Male
C38-D0-1782,1,1,Y,Y,Female
C38-D0-1788,1,1,Y,Y,Female
C38-D0-1807,1,1,Y,Y,Male
C38-D0-1812,1,1,Y,Y,Male
C38-D0-1814,1,1,Y,Y,Female
C38-D0-1823,1,1,Y,Y,Male
C38-D0-1827,1,1,Y,Y,Female
C38-D0-1841,1,1,Y,Y,Male
C38-D0-1841A,1,1,Y,Y,Female
C38-D0-1847,1,1,Y,Y,Female
C38-D0-1857,1,1,Y,Y,Male
C38-D0-1862,1,1,Y,Y,Female
C38-D0-1874,1,1,Y,Y,Female
C38-D0-1887,1,1,Y,Y,Female
C38-D0-1887A,1,1,Y,Y,Female
C38-D0-1889,1,1,Y,Y,Female
C38-D0-1901,1,1,Y,Y,Female
C38-D0-1902,1,1,Y,Y,Female
C38-D0-1911,1,1,Y,Y,Female
C38-D0-1922,1,1,Y,Y,Female
C38-D0-1923,1,1,Y,Y,Female
C38-D0-1935,1,1,Y,Y,Female
C38-D0-1938,1,1,Y,Y,Male
C38-D0-1938A,1,1,Y,Y,Female
C38-D0-1942,1,1,Y,Y,Female
C38-D0-1961,1,0,Y,N,Unknown
C38-D0-1967,1,1,Y,Y,Female
C38-D0-1977,1,1,Y,Y,Female
C38-D0-1978,1,1,Y,Y,Female
C38-D0-1980,1,1,Y,Y,Female
C38-D0-1989,1,1,Y,Y,Female
C38-D0-1990,1,1,Y,Y,Female
C38-D0-1991,1,1,Y,Y,Female
C38-D0-1992,1,1,Y,Y,Female
C38-D0-1995,1,1,Y,Y,Female
C38-D0-1997,1,1,Y,Y,Female
C38-D0-1997A,1,1,Y,Y,Female
C38-D0-2000,1,1,Y,Y,Female
C38-D0-2013,1,1,Y,Y,Female
C38-D0-2015,1,0,Y,N,Female
C38-D0-2034,1,1,Y,Y,Female
C38-D0-2051,1,1,Y,Y,Female
C38-D0-2054,1,1,Y,Y,Female
C38-D0-2056,1,1,Y,Y,Female
C38-D0-2056A,1,1,Y,Y,Female
C38-D0-2063,1,1,Y,Y,Female
C38-D0-2080,1,1,Y,Y,Female
C38-D0-2081,1,1,Y,Y,Female
C38-D0-2084,1,1,Y,Y,Female
C38-D0-2109,1,1,Y,Y,Female
C38-D0-2112,1,1,Y,Y,Female
C38-D0-2113,1,1,Y,Y,Female
C38-D0-2124,1,1,Y,Y,Female
C38-D0-2126,1,1,Y,Y,Female
C38-D0-2139,1,1,Y,Y,Female
C38-D0-2141,1,1,Y,Y,Female
C38-D0-2141A,1,1,Y,Y,Female
C38-D0-2144,1,1,Y,Y,Female
C38-D0-2155,1,1,Y,Y,Female
C38-D0-2160,1,1,Y,Y,Female
C38-D0-2185,1,1,Y,Y,Female
C38-D0-2230,1,1,Y,Y,Female
C38-D0-2240,1,1,Y,Y,Female
C38-D0-2303,1,1,Y,Y,Female
C38-D0-2404,1,1,Y,Y,Female
C38-D1-0332,0,0,N,N,Unknown
C38-D1-0375,0,0,N,N,Unknown
C38-D1-0413,0,0,N,N,Unknown
C38-D1-0413A,0,0,N,N,Unknown
C38-D1-0415,0,0,N,N,Unknown
C38-D1-0417,0,0,N,N,Unknown
C38-D1-0431,0,0,N,N,Unknown
C38-D1-0432,0,0,N,N,Unknown
C38-D1-0438,0,0,N,N,Unknown
C38-D1-0450,0,0,N,N,Unknown
C38-D1-0452,0,0,N,N,Unknown
C38-D1-0461,0,0,N,N,Unknown
C38-D1-0461A,0,0,N,N,Unknown
C38-D1-0470,0,0,N,N,Unknown
C38-D1-0472,0,0,N,N,Unknown
C38-D1-0484,0,0,N,N,Unknown
C38-D1-0493,0,0,N,N,Unknown
C38-D1-0510,0,0,N,N,Unknown
C38-D1-0542,0,0,N,N,Unknown
C38-D1-0545,0,0,N,N,Unknown
C38-D1-0548,0,0,N,N,Unknown
C38-D1-0566,0,0,N,N,Unknown
C38-D1-0570,0,0,N,N,Unknown
C38-D1-0570A,1,0,Y,N,Unknown
C38-D1-0572,0,0,N,N,Unknown
C38-D1-0573,0,0,N,N,Unknown
C38-D1-0587,0,0,N,N,Unknown
C38-D1-0632,0,0,N,N,Unknown
C38-D1-0633,0,0,N,N,Unknown
C38-D1-0634,0,0,N,N,Unknown
C38-D1-0637,0,0,N,N,Unknown
C38-D1-0661,1,0,Y,N,Unknown
C38-D1-0664,0,0,N,N,Unknown
C38-D1-0672,0,0,N,N,Unknown
C38-D1-0675,0,0,N,N,Unknown
C38-D1-0680,1,1,Y,Y,Unknown
C38-D1-0688,1,0,Y,N,Unknown
C38-D1-0690,0,0,N,N,Unknown
C38-D1-0703,0,0,N,N,Unknown
C38-D1-0704,0,0,N,N,Unknown
C38-D1-0711,0,0,N,N,Unknown
C38-D1-0719,0,0,N,N,Unknown
C38-D1-0725,0,0,N,N,Unknown
C38-D1-0729,0,0,N,N,Unknown
C38-D1-0731,1,1,Y,Y,Male
C38-D1-0736,1,0,Y,N,Unknown
C38-D1-0739,0,0,N,N,Female
C38-D1-0739A,0,0,N,N,Unknown
C38-D1-0741,1,0,Y,N,Unknown
C38-D1-0753,1,0,Y,N,Unknown
C38-D1-0754,0,0,N,N,Unknown
C38-D1-0762,0,0,N,N,Unknown
C38-D1-0766,1,1,Y,Y,Unknown
C38-D1-0771,1,0,Y,N,Unknown
C38-D1-0779,0,0,N,N,Unknown
C38-D1-0779A,1,1,Y,Y,Female
C38-D1-0786,0,0,N,N,Unknown
C38-D1-0799,1,0,Y,N,Unknown
C38-D1-0799A,1,0,Y,N,Unknown
C38-D1-0806,1,1,Y,Y,Male
C38-D1-0809,1,0,Y,N,Male
C38-D1-0821,1,1,Y,Y,Male
C38-D1-0824,1,1,Y,Y,Male
C38-D1-0824A,1,0,Y,N,Male
C38-D1-0827,0,0,N,N,Unknown
C38-D1-0829,1,1,Y,Y,Male
C38-D1-0840,0,0,N,N,Unknown
C38-D1-0844,1,0,Y,N,Female
C38-D1-0845,0,0,N,N,Unknown
C38-D1-0847,1,1,Y,Y,Male
C38-D1-0860,0,0,N,N,Unknown
C38-D1-0861,1,1,Y,Y,Male
C38-D1-0865,1,1,Y,Y,Male
C38-D1-0867,1,0,Y,N,Unknown
C38-D1-0868,1,0,Y,N,Unknown
C38-D1-0869,1,1,Y,Y,Female
C38-D1-0878,1,0,Y,N,Unknown
C38-D1-0880,1,0,Y,N,Unknown
C38-D1-0892,1,1,Y,Y,Male
C38-D1-0892A,1,0,Y,N,Unknown
C38-D1-0898,1,1,Y,Y,Male
C38-D1-0898A,1,1,Y,Y,Female
C38-D1-0905,1,1,Y,Y,Male
C38-D1-0909,1,0,Y,N,Male
C38-D1-0923,1,1,Y,Y,Female
C38-D1-0949,1,1,Y,Y,Female
C38-D1-0951,0,0,N,N,Unknown
C38-D1-0952,1,1,Y,Y,Male
C38-D1-0954,1,1,Y,Y,Female
C38-D1-0961,1,1,Y,Y,Male
C38-D1-0963,1,1,Y,Y,Male
C38-D1-0967,1,1,Y,Y,Male
C38-D1-0985,1,1,Y,Y,Female
C38-D1-0992,1,1,Y,Y,Female
C38-D1-0995,1,1,Y,Y,Female
C38-D1-1005,1,1,Y,Y,Female
C38-D1-1006,1,1,Y,Y,Male
C38-D1-1009,1,1,Y,Y,Female
C38-D1-1009A,1,1,Y,Y,Male
C38-D1-1009B,1,1,Y,Y,Female
C38-D1-1014,1,1,Y,Y,Male
C38-D1-1019,1,0,Y,N,Male
C38-D1-1023,1,1,Y,Y,Male
C38-D1-1027,1,1,Y,Y,Female
C38-D1-1041,1,1,Y,Y,Male
C38-D1-1064,1,1,Y,Y,Female
C38-D1-1072,1,1,Y,Y,Male
C38-D1-1072A,1,1,Y,Y,Male
C38-D1-1085,1,1,Y,Y,Male
C38-D1-1088,0,0,N,N,Unknown
C38-D1-1098,1,1,Y,Y,Female
C38-D1-1108,1,1,Y,Y,Male
C38-D1-1112,1,1,Y,Y,Female
C38-D1-1120,1,1,Y,Y,Female
C38-D1-1124,1,1,Y,Y,Male
C38-D1-1124A,1,1,Y,Y,Male
C38-D1-1127,1,1,Y,Y,Male
C38-D1-1128,1,1,Y,Y,Male
C38-D1-1162,1,1,Y,Y,Male
C38-D1-1189,1,1,Y,Y,Male
C38-D1-1192,1,1,Y,Y,Male
C38-D1-1200,1,1,Y,Y,Male
C38-D1-1200A,1,1,Y,Y,Male
C38-D1-1203,1,1,Y,Y,Female
C38-D1-1203A,1,1,Y,Y,Female
C38-D1-1210,1,1,Y,Y,Male
C38-D1-1219,1,1,Y,Y,Male
C38-D1-1220,1,1,Y,Y,Male
C38-D1-1227,1,1,Y,Y,Female
C38-D1-1245,1,1,Y,Y,Male
C38-D1-1257,1,1,Y,Y,Female
C38-D1-1279,1,1,Y,Y,Male
C38-D1-1343,1,1,Y,Y,Male
C38-D1-1377,1,1,Y,Y,Female
C38-D1-1386,1,1,Y,Y,Female
C38-D1-1403,1,1,Y,Y,Male
C38-D1-1409,1,1,Y,Y,Male
C38-D1-1422,1,1,Y,Y,Female
C38-D1-1431,1,1,Y,Y,Male
C38-D1-1436,1,0,Y,N,Unknown
C38-D1-1437,1,1,Y,Y,Female
C38-D1-1446,1,1,Y,Y,Male
C38-D1-1453,1,1,Y,Y,Female
C38-D1-1466,1,1,Y,Y,Male
C38-D1-1467,1,1,Y,Y,Male
C38-D1-1474,1,1,Y,Y,Male
C38-D1-1491,1,1,Y,Y,Male
C38-D1-1514,0,0,N,N,Unknown
C38-D1-1557,1,1,Y,Y,Female
C38-D1-1558,1,1,Y,Y,Male
C38-D1-1573,1,1,Y,Y,Female
C38-D1-1588,1,1,Y,Y,Male
C38-D1-1588A,1,1,Y,Y,Male
C38-D1-1632,1,1,Y,Y,Male
C38-D1-1637,1,1,Y,Y,Female
C38-D1-1646,1,1,Y,Y,Female
C38-D1-1650,1,1,Y,Y,Male
C38-D1-1753,1,1,Y,Y,Unknown
C38-D1-1773,1,1,Y,Y,Female
C38-D1-1777,1,1,Y,Y,Female
C38-D1-1820,1,1,Y,Y,Female
C38-D1-1910,1,1,Y,Y,Female
C38-D1-1912,1,1,Y,Y,Female
C38-D1-1977,1,1,Y,Y,Female
C38-D1-2000,1,1,Y,Y,Female
C38-D1-2042,1,1,Y,Y,Female
C38-D1-2070,1,1,Y,Y,Female
C38-D1-2123,1,1,Y,Y,Female
C38-D1-2133,1,1,Y,Y,Female
C38-D2-0212,0,0,N,N,Unknown
C38-D2-0241,0,0,N,N,Unknown
C38-D2-0286,0,0,N,N,Unknown
C38-D2-0334,0,0,N,N,Unknown
C38-D2-0394,0,0,N,N,Unknown
C38-D2-0439,0,0,N,N,Unknown
C38-D2-0488,0,0,N,N,Unknown
C38-D2-0501,0,0,N,N,Unknown
C38-D2-0527,0,0,N,N,Unknown
C38-D2-0569,0,0,N,N,Unknown
C38-D2-0597,0,0,N,N,Unknown
C38-D2-0599,0,0,N,N,Unknown
C38-D2-0601,0,0,N,N,Unknown
C38-D2-0614,0,0,N,N,Unknown
C38-D2-0623,0,0,N,N,Unknown
C38-D2-0687,1,0,Y,N,Unknown
C38-D2-0698,0,0,N,N,Unknown
C38-D2-0707,1,0,Y,N,Unknown
C38-D2-0710,0,0,N,N,Unknown
C38-D2-0717,1,1,Y,Y,Female
C38-D2-0756,1,0,Y,N,Unknown
C38-D2-0779,1,1,Y,Y,Female
C38-D2-0799,1,0,Y,N,Unknown
C38-D2-0808,1,0,Y,N,Unknown
C38-D2-0991,1,1,Y,Y,Female